{"y_min": 0, "x_obst": [3.8428021069056193, 2.3772201961927264, 8.428318357079943, 4.370846473993701, 3.5357738425423646, 1.4557109525905088, 8.884668328819957, 4.699915846985517, 2.3529031901707493, 6.559761853319544, 6.444280125737393, 7.018027302376224, 1.1563300907017564, 1.245757425123061, 4.397115722805913, 0.3379807456111268, 4.823119193592728, 0.9293246318822628, 4.180226570618114, 0.7511814693585169, 5.075522791089989, 7.1116081782472085], "lim": 9, "y_max": 9, "ids": [1, 2, 3, 4, 5, 6, 7, 8], "yt": [4.389410343353493, 1.8339438656893288, 0.6947647735697197, 6.942935815812399, 8.646030368266466, 7.225043650526745, 2.986133660294279, 1.1192352567123616], "y_obst": [3.2242613536117304, 2.6116297173205254, 6.191196767481081, 1.652707059560425, 2.381180160629394, 7.763370303553937, 2.9010000496475206, 0.28674566917184796, 6.16093663925667, 5.835250215879137, 0.2195617253606399, 7.744857610994094, 5.992793069931915, 0.952734493160751, 7.863096524832558, 3.315026871522537, 4.596589918798573, 2.8371171984650516, 8.575624233654088, 5.466528363756792, 8.55148980824878, 6.133232054824437], "x_max": 9, "robot_count": 8, "x_min": 0, "xs": [2.651437806282569, 5.543407858491559, 6.689061726646559, 6.859860649009641, 0.17962651317890688, 3.305816423830334, 3.8532313351317478, 8.230820302078449], "ys": [0.5886452890158587, 5.528272154944479, 1.9205993508170829, 3.9586007486219845, 8.199802867675631, 4.96715809144405, 6.8155674292665225, 4.080887620982736], "heading": [0.0, 0.0, 0.0, 0.0, 0.0, 0.0, 0.0, 0.0], "xt": [1.5288614643281286, 0.3259886553622212, 8.332165183103534, 4.9790081232838155, 3.1125664115133036, 2.334504793781294, 5.271236957325729, 5.267788964612341]}