{
    "n_obsts": 15,
    "y_min": 0,
    "x_obsts": [
        6.145534436751878,
        7.992779274774339,
        2.5331277768693057,
        3.2219596786734295,
        4.447940575968689,
        8.58427545624223,
        6.798493286527942,
        3.943589945360509,
        4.683341141911549,
        7.886816708327721,
        5.033789290726159,
        5.095082456931514,
        8.857346303664208,
        8.048506294376049,
        6.474504732834326
    ],
    "lim": 9,
    "y_max": 9,
    "ids": [
        1,
        2,
        3,
        4,
        5,
        6,
        7,
        8
    ],
    "yt": [
        6.495188975145755,
        0.22594626306028875,
        1.993507446129994,
        8.148030689891076,
        5.07407813859453,
        0.4987267705010786,
        5.271327339571551,
        8.811418682147202
    ],
    "y_obsts": [
        2.3316168931153016,
        2.6971978707399558,
        2.9294300956212855,
        6.316111129928563,
        8.168007708929194,
        4.82062856088741,
        0.18488633063865045,
        0.030502441389052892,
        7.04837512486664,
        3.811675605468649,
        2.6801061328056943,
        6.039086903769319,
        8.0512251554006,
        4.919554979066808,
        3.233487975336975
    ],
    "x_max": 9,
    "n_robots": 8,
    "x_min": 0,
    "x_starts": [
        2.6459174679967665,
        7.28632561753911,
        1.3699613566408178,
        8.736568084202744,
        7.756887356899845,
        1.016602372541019,
        1.881329753695745,
        0.45349413313297715
    ],
    "ys": [
        1.388631692641808,
        8.538127542826366,
        6.859268555761076,
        0.9690507432310692,
        6.660489000570642,
        5.688910630669282,
        8.886092095490897,
        2.628016631559443
    ],
    "map_ind": 4,
    "heading": [
        0.0,
        0.0,
        0.0,
        0.0,
        0.0,
        0.0,
        0.0,
        0.0
    ],
    "x_targets": [
        6.612262842649782,
        2.287555993330719,
        8.833208758747922,
        6.045174459872292,
        2.8268695361216176,
        5.793809540261063,
        6.284588810738386,
        5.216605227588856
    ]
}