{
    "n_obsts": 15,
    "y_min": 0,
    "x_obsts": [
        1.7058372034340943,
        1.4375626066960483,
        7.0787699453210635,
        2.3465441493312538,
        6.830548705783455,
        0.7840340611804184,
        7.8328728703036195,
        0.14206179035637356,
        7.847147617181688,
        7.67323564098087,
        5.969677932953588,
        1.2701870797141037,
        1.4083800397481836,
        3.788094601670365,
        0.7031496354182724
    ],
    "lim": 9,
    "y_max": 9,
    "ids": [
        1,
        2,
        3,
        4,
        5,
        6,
        7,
        8
    ],
    "yt": [
        7.751931443384514,
        5.53628127940325,
        0.2062565136554343,
        0.24666611006689865,
        8.067680707354251,
        5.7211863754220795,
        2.495757637814449,
        0.57117939463092
    ],
    "y_obsts": [
        0.7602829111214416,
        4.394579956725195,
        6.1742807788674465,
        2.155695262789628,
        1.7529299653589918,
        4.809095195014902,
        5.378762481753281,
        0.7609255546093514,
        3.311608883215027,
        1.8537959288975692,
        7.681060750871867,
        8.972705323553871,
        1.4781950724378943,
        6.363498247456787,
        1.1982876743291067
    ],
    "x_max": 9,
    "n_robots": 8,
    "x_min": 0,
    "x_startsstarts": [
        0.1927386368915226,
        5.975078033332944,
        2.191406686954327,
        8.821519737387316,
        5.301929448069975,
        2.1020764553590086,
        3.632942541333084,
        3.3541185332686956
    ],
    "ys": [
        3.4785320099044537,
        0.040869119962841816,
        7.027561994656305,
        8.768285563524996,
        4.105348799255586,
        5.4229048403332,
        8.507988260717582,
        5.4033524765744945
    ],
    "map_ind": 8,
    "heading": [
        0.0,
        0.0,
        0.0,
        0.0,
        0.0,
        0.0,
        0.0,
        0.0
    ],
    "x_targets": [
        7.051442451139212,
        5.063246996779886,
        3.0580355824322663,
        7.442956188835429,
        0.1702361598407126,
        8.925960459240173,
        8.946336307852565,
        8.945899986281214
    ]
}