{"y_min": 0, "x_obst": [7.810182235198584, 2.1692091076244306, 0.08185495337346504, 5.753878040403279, 6.8250936479537465, 1.7856558102750346, 4.497401216196005, 7.616431045883099, 2.169010232460212, 7.244170979087781, 1.3336869748270062, 4.658002979692111, 8.223627031360701, 5.661361681022088, 6.158433345307222], "lim": 9, "y_max": 9, "ids": [1, 2, 3, 4, 5, 6, 7, 8], "yt": [3.37180918567199, 5.306087998976077, 4.7311970357719995, 3.1897721873089684, 2.7783522163803265, 7.781051696006917, 8.845962038125935, 6.461162283621297], "y_obst": [5.893109066015375, 5.610549290977344, 7.387555890803548, 4.089276655545817, 7.6077783326751485, 2.1644836408954995, 5.082889569922036, 6.9626127629625945, 3.1932663102355705, 1.981614720136351, 4.51671243100402, 4.302391740457606, 8.301975515610552, 7.550442369902017, 7.104678496957973], "x_max": 9, "robot_count": 8, "x_min": 0, "xs": [6.63021912792626, 8.271092251090751, 6.789790221011752, 2.461067830179141, 5.1863515503787365, 6.045676316154021, 1.5242567045665405, 4.804262361336205], "ys": [4.735497063992273, 0.4197813765135724, 6.089533056768913, 1.0141671253506828, 3.205225609121809, 0.26329996682765344, 8.012945958932923, 0.2929116209468262], "heading": [0.0, 0.0, 0.0, 0.0, 0.0, 0.0, 0.0, 0.0], "xt": [7.945868005004469, 0.6487692054604005, 3.480653934853378, 0.2626435405865829, 6.549762452589618, 4.095992274046117, 3.835960350735168, 4.157032619204254]}