{"obst_count_orig": 15, "y_min": 0, "x_obst": [2.423541671522866, 5.945909413294094, 6.106695536630005, 5.586840138359378, 0.8443187698331284, 5.955993477182116, 3.189553441363892, 8.562828907086192, 6.645861715118837, 6.375458143951757, 2.0216767098388346, 1.5574435427311828, 7.630999223280172, 8.18521407614267, 5.508804540662446], "lim": 9, "y_max": 9, "ids": [1, 2, 3, 4, 5, 6, 7, 8], "yt": [0.2817745824213618, 1.5705964722608057, 2.928880165425716, 7.138226800873025, 4.763574668365192, 1.817552776201999, 5.559901112831826, 8.640603363523638], "y_obst": [0.5201325390917171, 8.175666875747105, 8.836131824949323, 1.476493839555444, 0.13886743675740032, 3.5958768399954333, 8.331924748043111, 6.613721408314483, 4.577039939762725, 3.079235957818039, 7.554459392653882, 2.9963431375884815, 4.139533527483849, 7.802656354887591, 7.665724114387864], "x_max": 9, "robot_count": 8, "x_min": 0, "xs": [0.44218862230210343, 4.039866380565492, 8.454547660131343, 4.458802170058589, 3.6220591225992, 4.326552288960331, 8.51784600623138, 6.927206572752576], "ys": [8.321061743150914, 6.36081055353716, 8.879610917503596, 4.0403945487312765, 2.4213901756462732, 5.156333391870803, 0.7671898076391488, 0.8084212004686898], "map_ind": 10, "heading": [0.0, 0.0, 0.0, 0.0, 0.0, 0.0, 0.0, 0.0], "xt": [4.27769022776855, 1.622298256282682, 2.7499939973193515, 0.3613312673835911, 8.567213278216215, 8.130496953090608, 0.7065004209809432, 4.251034067298772]}