{"n_obst_orig": 15, "y_min": 0, "x_obst": [1.1669538688499195, 8.829234850973712, 6.3868622696908535, 4.0751971561651565, 0.6781693339250882, 6.5392056940090635, 7.513139302124759, 2.434064890678504, 0.5101329439351983, 0.9325564102855596, 1.3419079062482362, 1.317623136223154, 1.4794575243651988, 3.4335124740597327, 0.43287655083848675], "lim": 9, "y_max": 9, "ids": [1, 2, 3, 4, 5, 6, 7, 8], "yt": [0.2649292033269235, 0.2794581452237277, 1.5259086647983293, 3.575177603144752, 8.951690546625816, 6.757783804479745, 2.9140334898988165, 7.830050296029039], "y_obst": [5.0612574257594645, 1.8179526079591888, 2.1486251580134237, 4.912920080451981, 4.932195876204152, 5.4461997444850105, 3.9258106762934246, 2.670089969938178, 8.860404701019052, 3.7498188426118464, 3.2134337063872658, 5.974341247148587, 8.831214860161719, 1.9224849008064213, 0.6783713168997799], "x_max": 9, "n_robots": 8, "x_min": 0, "xs": [7.686630425583599, 3.8032019779234436, 6.46415569212679, 4.5500932569432955, 4.988127574128965, 1.8399673859352301, 1.3319241373070128, 4.420972700344219], "ys": [8.26452735266948, 7.427721940288182, 6.699461828355501, 8.632255711560529, 3.203963409489794, 1.4417275504857912, 7.6919924119733345, 0.34142195102038375], "map_ind": 11, "heading": [0.0, 0.0, 0.0, 0.0, 0.0, 0.0, 0.0, 0.0], "xt": [6.480837780259247, 8.178335507459607, 4.361638946671655, 3.2068370737168457, 6.386948535490495, 7.867280913864114, 8.730085689950888, 5.438620667182766]}