{"y_min": 0, "x_obst": [1.7978779163774512, 7.616515693524914, 2.5505617712032858, 2.250258433827529, 4.403160654114865, 7.3340354175874065, 7.681134088383565, 6.818893703877913, 6.150092618134931, 4.296877827486294, 6.585660258337312, 4.76964230850605, 3.4656902655349775, 0.5419443145308588, 8.044444313019884], "lim": 9, "y_max": 9, "ids": [1, 2, 3, 4, 5, 6, 7, 8], "yt": [1.7681701265646357, 0.013962992647164607, 2.756988448786138, 5.639192769298825, 5.6745483203712155, 2.335377885096864, 7.1187459790574295, 8.928770469688844], "y_obst": [8.523898044421395, 2.535808845331696, 3.4892400917336297, 1.4838873544495064, 0.6895346461205462, 0.8172007468143463, 1.3979555837598752, 6.070000629909514, 2.097093550579395, 3.870858236819014, 3.314561963165502, 7.396352897412553, 1.4342275107268807, 0.5256586926709684, 0.7655327029646672], "x_max": 9, "robot_count": 8, "x_min": 0, "xs": [0.36530302501477074, 5.39537849923107, 0.6406236656049668, 5.504047157993529, 5.712420173344743, 8.924168058152695, 0.44654187658194855, 4.4294968017379155], "ys": [4.403346943072373, 0.5277620523628549, 7.182639972776931, 8.92702909043334, 5.666267408398003, 4.6714872417758935, 5.669068467822178, 6.231739581187808], "heading": [0.0, 0.0, 0.0, 0.0, 0.0, 0.0, 0.0, 0.0], "xt": [0.8286566088585834, 1.6692054333357444, 4.287622789572635, 2.8392861318746805, 8.563991472789102, 8.960612615131707, 3.5303429098714343, 8.257390181160648]}