{"n_obst_orig": 15, "y_min": 0, "x_obst": [0.9592765118505152, 5.730598321200803, 4.87437818351166, 5.0768794895234075, 7.955547179473632, 0.6690629906981308, 1.0163653665228298, 5.101642080758765, 2.129481322088989, 0.7848722048522547, 0.34316755639770746, 6.969435007202108, 6.05126807296485, 0.2623707859183766, 2.153910370867152], "lim": 9, "y_max": 9, "ids": [1, 2, 3, 4, 5, 6, 7, 8], "yt": [5.154657897727722, 2.3837411892119147, 8.449500596223698, 0.5064493081433945, 1.0138042665434366, 3.669104179995681, 1.0697739322462545, 6.04548245247737], "y_obst": [2.1963860864347398, 1.3163514861907362, 5.970583501172071, 7.226720989342166, 7.333599001991142, 0.5053603802286569, 1.1928007307291386, 8.993517322190373, 1.8192210354711404, 8.107871117090928, 6.28179612713944, 1.3112034637115273, 8.199788971500162, 7.93810902577146, 8.851521893796805], "x_max": 9, "n_robots": 8, "x_min": 0, "xs": [2.586019335685359, 7.1069661305632685, 6.212370024894031, 3.6077110290020284, 7.344910251117689, 0.23748893732582144, 6.343352332703921, 2.3719986954941117], "ys": [0.4591396999015922, 7.955830507066204, 3.7490646594049633, 8.544482024581074, 6.382474673595684, 4.74615862024339, 6.463702335634979, 3.0020048518923272], "map_ind": 7, "heading": [0.0, 0.0, 0.0, 0.0, 0.0, 0.0, 0.0, 0.0], "xt": [7.6190275945274815, 3.3620590099482395, 8.644910623103199, 4.833225975692172, 3.94109360636919, 7.851645884149761, 8.784271586572139, 8.356096836487396]}