{"y_min": 0, "x_obst": [0.34635280390180556, 0.2314375437222952, 1.4089372899574002, 5.256065629768688, 5.5658401396834805, 7.128110641457139, 0.8418211183130185, 2.063195929710748, 5.326528015819086, 3.1758874908993295, 8.75130092202101, 7.730700570060956, 6.78078794890424, 3.784942986869207, 1.1555791928443333], "lim": 9, "y_max": 9, "ids": [1, 2, 3, 4, 5, 6, 7, 8], "yt": [8.258169704160663, 3.4619776021080995, 1.6357391136092407, 6.663342703343948, 0.2217619411402585, 6.098523513924342, 3.993216191649025, 0.3874695453140585], "y_obst": [6.609570509968425, 4.1392065598324805, 2.7208951190439823, 7.689381530963707, 2.5226604409249083, 7.696141246681229, 2.3970868182094933, 6.262284065340932, 8.229593777042036, 8.025279496070116, 7.585270901575816, 4.274850116135694, 5.679252039943018, 6.74258407082705, 1.3933173249713626], "x_max": 9, "robot_count": 8, "x_min": 0, "xs": [5.748925068144671, 8.936772805074956, 6.454392496899404, 4.24514643037773, 7.942360380588662, 2.5779292068561115, 7.105964598869933, 3.66827732327511], "ys": [5.851769387881162, 0.9546679776291864, 6.631235969308819, 4.909920034471222, 1.3649250148200822, 0.67110869309729, 2.9664248651698424, 2.590940852213954], "heading": [0.0, 0.0, 0.0, 0.0, 0.0, 0.0, 0.0, 0.0], "xt": [0.6535521132881554, 4.652872927683332, 2.237117438882092, 4.975543642004357, 1.034965936505161, 8.991532405509178, 8.738688073305687, 7.549859183064209]}