{"obst_count_orig": 15, "y_min": 0, "x_obst": [1.869059625204296, 8.332149325311839, 2.249620930845798, 7.3746601173103095, 6.629326418009548, 7.06177222115398, 6.134459881901179, 2.605122626594957, 4.322320625383636, 4.607393585289638, 5.565921801411105, 8.341878013210726, 2.5242377191537724, 0.5548614661935944, 8.09363242960809], "lim": 9, "y_max": 9, "ids": [1, 2, 3, 4, 5, 6, 7, 8], "yt": [4.058242536959785, 8.811846100247882, 8.867445482217187, 0.8125409698514225, 4.416776120758694, 8.678192465205784, 4.040368328812137, 1.9242651486153144], "y_obst": [1.7560990984390779, 5.15618889923634, 8.902201259986336, 5.8023856886081475, 7.741328358741807, 0.4755278822631449, 5.814100974805308, 1.980926271122366, 2.230749114510476, 7.715519246310865, 6.16801350376868, 8.947180836074875, 6.356625364857625, 4.203683152441279, 0.5876102312052606], "x_max": 9, "n_robots": 8, "x_min": 0, "xs": [3.736738469087344, 8.246002884004637, 6.834435370636412, 4.039244776400028, 8.576700365192995, 7.584170424316885, 1.4922161154319635, 0.07679752623975489], "ys": [0.13629121906943098, 2.5539820846541894, 2.4815994867768367, 5.982768595598715, 7.733827596522801, 1.7403058267978113, 3.7317795183344318, 3.263622215810134], "map_ind": 9, "heading": [0.0, 0.0, 0.0, 0.0, 0.0, 0.0, 0.0, 0.0], "xt": [8.394181481318741, 7.344401871198423, 5.991016772634488, 0.7674790997657768, 2.789265516876908, 0.4785963076930767, 6.488248868643983, 5.625837186424795]}