{"y_min": 0, "x_obst": [0.3524815077634751, 6.969265148039079, 0.8883422868341174, 5.568024836730306, 5.469019788815581, 5.3588453624014285, 2.930868067221551, 6.120107826655436, 7.9437457904053, 0.24938224877360438, 1.2472117134685954, 6.459436490531534, 3.6403281208255156, 2.2957950705903887, 7.4887489827829885], "lim": 9, "y_max": 9, "ids": [1, 2, 3, 4, 5, 6, 7, 8], "yt": [8.192364097333979, 6.422061970523695, 8.964281156992215, 4.953786583616474, 8.913407472435711, 7.339025930154455, 3.6090362864632155, 0.7140775164130317], "y_obst": [2.234361327930355, 6.007567684048585, 7.779930455654527, 4.349431362812209, 1.2795664547837788, 5.832484788733131, 3.658738036535888, 4.273052194459411, 1.7284218713172035, 3.6974071231965095, 2.2353205375743466, 7.487581212891092, 3.2117306539328334, 3.171144416923941, 2.8225101826014987], "x_max": 9, "robot_count": 8, "x_min": 0, "xs": [3.8834239497249206, 4.320738414477534, 2.7718030330043186, 5.1770235222922025, 3.4205045348454606, 2.185439504040786, 4.882488825126918, 8.564246097981293], "ys": [4.6440044881336195, 6.861255288384727, 0.35038589076333937, 2.358654615877022, 7.422540511465072, 7.179087482509199, 3.3212069790917647, 0.44930713257748944], "heading": [0.0, 0.0, 0.0, 0.0, 0.0, 0.0, 0.0, 0.0], "xt": [2.661932626780007, 1.0383735225906172, 6.425437583627155, 0.4412684149858962, 0.8688001250322688, 7.582791802119645, 8.562831203551832, 6.920029902009805]}