{"y_min": 0, "x_obst": [3.866890313910064, 1.4153551806355362, 8.639538027105965, 6.335338955785413, 4.349506904875015, 5.562000614418231, 7.129544027866702, 1.3296821493433453, 0.2529516228189207, 7.694355387720474, 6.182919400865395, 3.259847386270745, 2.366697064947687, 5.7962215556741885, 4.102904083925616], "lim": 9, "y_max": 9, "ids": [1, 2, 3, 4, 5, 6, 7, 8], "yt": [3.4369481787999216, 4.271659744530035, 1.6425025500778259, 8.496387420427942, 6.138276510534982, 2.295588817538662, 8.867236974985909, 5.294382620520798], "y_obst": [5.473399076029709, 8.971003410778472, 4.383522777579485, 3.8905183675297987, 6.51242971550419, 8.34797097209689, 0.10651228760963205, 7.241516895838492, 7.692194255390655, 8.074389843906136, 6.542339188574455, 5.925232804828743, 6.179208991889632, 4.114022732440185, 4.622473633507534], "x_max": 9, "robot_count": 8, "x_min": 0, "xs": [8.371911931897138, 0.7308192650970521, 7.497954301367525, 3.627743361928368, 3.6550674396599043, 5.068285282842837, 3.6816282446694975, 2.3699572301506326], "ys": [0.3058977629125903, 3.168383426074044, 5.727967680809145, 8.871967949365892, 7.64218325096353, 1.3662196138765013, 2.4860451214580883, 8.43498153776635], "heading": [0.0, 0.0, 0.0, 0.0, 0.0, 0.0, 0.0, 0.0], "xt": [7.72989147385422, 2.6448971642231687, 1.2246722534584173, 8.716855159875033, 0.015162234832858168, 6.885296354350179, 6.555220372688891, 1.8581430183997218]}