{"obst_count_orig": 15, "y_min": 0, "x_obst": [4.867094054731418, 6.238877495456733, 6.283634782029776, 0.5800372413549246, 3.6907530289266965, 3.098218759181809, 6.174523159029629, 1.5438205265388925, 1.83268758333362, 1.276654159437063, 2.0648516727954105, 6.818071477161014, 1.6857466594545691, 8.555111410955899, 4.361081405527482], "lim": 9, "y_max": 9, "ids": [1, 2, 3, 4, 5, 6, 7, 8], "yt": [5.436389736643528, 5.957944135234486, 6.509660055213372, 3.2221689738419945, 4.932160275585681, 4.349372088920947, 7.378585974446018, 0.7421925809967834], "y_obst": [8.887041807380653, 1.1649702149106225, 5.295070121282348, 4.467925254333024, 2.3022518701567822, 2.623025493445839, 4.729984622091394, 2.3793179849779005, 3.057328983783507, 7.19250474188229, 6.754115404285512, 0.40439365401023875, 7.728208823146352, 3.6938078197250257, 6.454281684610283], "x_max": 9, "robot_count": 8, "x_min": 0, "xs": [0.4575809231182659, 2.571025965059686, 1.7785199645219034, 0.7512428438132583, 7.486649645861667, 1.6703436988469553, 3.852291673675943, 3.8801753407544477], "ys": [8.590959536168379, 0.17639949757973816, 4.8140590040322255, 1.2761084341643856, 8.054177462555671, 8.80760858781879, 0.9019096584707105, 3.843284667333191], "map_ind": 1, "heading": [0.0, 0.0, 0.0, 0.0, 0.0, 0.0, 0.0, 0.0], "xt": [4.5104656602662505, 3.252105453863263, 8.845787891010136, 5.454692170146395, 3.562685771451711, 7.700933625342504, 6.074356579271061, 8.89235985384487]}