{"y_min": 0, "x_obst": [5.859116413936402, 6.244109898324606, 4.515226368311772, 7.089889464839469, 8.24109078695543, 1.2152624618727543, 0.5523648251587671, 0.6498038104670663, 7.492214894623358, 6.633241560375007, 8.99823963868144, 0.8117918917044276, 4.934150225526688, 8.270071267390254, 0.4809922189243069], "lim": 9, "y_max": 9, "ids": [1, 2, 3, 4, 5, 6, 7, 8], "yt": [8.159254404407049, 0.58726547838619, 5.486401764942141, 1.504623131902885, 2.579590393543393, 4.563549213689951, 6.518223647849488, 1.6963050267248931], "y_obst": [2.2903453793680093, 7.7705343665954585, 4.918177312296573, 8.408040967594689, 8.74810591555895, 8.851938251217081, 4.2607201265452606, 2.207240710576554, 3.32563836457984, 0.8872769985968844, 8.122790378399595, 1.4607743541505815, 6.701357279063901, 8.159354577609946, 7.552100755489485], "x_max": 9, "robot_count": 8, "x_min": 0, "xs": [8.561421494995713, 4.562034852689912, 0.3737120097896419, 8.754425168707892, 5.997375154365785, 0.4883288789212209, 2.4982130102189943, 3.25753503188469], "ys": [0.9155292523953894, 3.794708470195176, 5.6081812458726885, 4.304359296723366, 4.696842536722538, 0.33175585226084403, 6.207026093056627, 5.5126767265450605], "heading": [0.0, 0.0, 0.0, 0.0, 0.0, 0.0, 0.0, 0.0], "xt": [2.1098819446949775, 3.8584969463158094, 7.548174015831559, 3.167152200124357, 8.92190677385906, 2.250334026150667, 6.874736913162916, 4.727199859118606]}