{"obst_count_orig": 15, "y_min": 0, "x_obst": [4.93607535993848, 2.0183449506344084, 6.750459907685621, 1.1602824716905915, 8.474412510939445, 7.944288253952135, 2.9945619506225194, 6.2771086735766515, 5.359650767432135, 1.3494952399754694, 0.13588220596372258, 7.135447797089278, 4.797990205169734, 3.738304580539384, 6.561292316484445], "lim": 9, "y_max": 9, "ids": [1, 2, 3, 4, 5, 6, 7, 8], "yt": [7.920980441935187, 1.6368372147054018, 5.627737645009989, 4.291691888253774, 5.608167989615653, 6.340959601833141, 4.744779200722878, 2.6354541931983797], "y_obst": [8.09842248253333, 8.8571530143592, 8.033230471694202, 6.885003919524871, 5.692916313407017, 2.8599170252146497, 1.4844400153920554, 6.555163277491011, 4.847079874023055, 0.09446171277260407, 7.822761316357013, 6.846838568220101, 3.931461634877148, 3.2214783342176556, 8.655634015800208], "x_max": 9, "n_robots": 8, "x_min": 0, "xs": [2.280052830506773, 2.3490063424581216, 8.029021082923846, 7.412023337611474, 2.285772317475394, 5.937713802635822, 8.52133958274917, 0.2740027234194754], "ys": [0.6322608470275325, 6.470973306194821, 8.315470808919214, 1.284036715318454, 2.7121097726296313, 1.3575918399671307, 1.9015371054071788, 3.7086147352412824], "map_ind": 12, "heading": [0.0, 0.0, 0.0, 0.0, 0.0, 0.0, 0.0, 0.0], "xt": [2.6961151082471733, 0.30019028733615405, 1.5077614551723273, 1.386937379526883, 7.283946677829548, 0.07441225663908446, 4.076675782285585, 5.360221030688849]}