{"obst_count_orig": 15, "y_min": 0, "x_obst": [5.665772423423308, 0.94835458678702, 8.681082256790479, 8.268142538681671, 4.540421114898829, 0.05329109391930553, 5.684343389119556, 1.480567485745099, 3.0411213704735025, 7.650512436050048, 2.9993410074480877, 8.746638859504367, 6.330722892133176, 0.6489125219528841, 2.872613725909459], "lim": 9, "y_max": 9, "ids": [1, 2, 3, 4, 5, 6, 7, 8], "yt": [3.481229230572332, 8.847730494167457, 6.288963333562778, 8.691085418106836, 7.064118466019964, 7.182571647409578, 4.036093467556443, 5.75437656720228], "y_obst": [0.10797166499785948, 0.05895749578822862, 1.083924635241979, 4.926422141998163, 4.741306387506176, 1.9203539130300475, 2.9838647610875557, 1.0838131310318708, 8.714864078453822, 7.870730264492747, 6.109339407548706, 2.0906052780705098, 8.294245051016212, 6.553800928154672, 5.546772600898007], "x_max": 9, "robot_count": 8, "x_min": 0, "xs": [2.2738783454750298, 4.518572596520815, 0.8870014078358924, 3.568519291366597, 1.9491396865411665, 2.24218477007995, 0.05055316937281862, 1.9601929026009626], "ys": [7.8779488169253415, 0.5572262712567103, 5.034825188399243, 2.7856061684637483, 0.02746680982355909, 3.4634935558612314, 4.254063731061422, 2.4648111500174927], "map_ind": 2, "heading": [0.0, 0.0, 0.0, 0.0, 0.0, 0.0, 0.0, 0.0], "xt": [7.871794407140685, 0.7027566013747983, 8.506194079420805, 8.774502036215328, 4.218120239086506, 6.5961311504000815, 6.6494744940043935, 6.29970211922561]}