{"y_min": 0, "x_obst": [4.775576931064822, 5.831124266553646, 7.466919525415673, 3.412660958878919, 6.679829969705721, 2.9474913101774125, 6.68068428799599, 1.9537114559081004, 2.1379584629390207, 3.8239566536507508, 3.1489496523871416, 0.8395729973005713, 7.71661085222557, 1.1118936287063645, 2.8432516122206306], "lim": 9, "y_max": 9, "ids": [1, 2, 3, 4, 5, 6, 7, 8], "yt": [2.6251197323260484, 3.604120198215775, 0.5288048158807033, 8.990436159230441, 0.006806817410402788, 2.8862046853494308, 0.0628071502355384, 3.9722055371114977], "y_obst": [7.321361226954269, 1.0598395985954132, 8.680506330745148, 7.0586776374962765, 0.7845601497175523, 6.669314426098735, 1.5283016232252604, 1.8175831547559924, 6.668601558246802, 4.729310743319215, 6.01535653456221, 6.466252002202883, 7.238680346201902, 2.83429091017527, 2.2318280191754765], "x_max": 9, "robot_count": 8, "x_min": 0, "xs": [6.858017732106742, 4.986761665070432, 2.1697758066765918, 8.809748731956812, 6.092067492493706, 8.398866438008818, 8.828388299230973, 2.396413573695665], "ys": [3.7829583981453636, 1.7522161701513042, 4.579413958430023, 8.934937292068849, 5.849845672997498, 4.712949933648989, 1.6512903410440436, 7.83425454011262], "heading": [0.0, 0.0, 0.0, 0.0, 0.0, 0.0, 0.0, 0.0], "xt": [6.007291618160394, 2.9961476346509963, 3.0362618739755236, 6.070607571089662, 8.650126470622626, 7.400401185828331, 0.27988982840090515, 0.8812343249783482]}