{"y_min": 0, "x_obst": [7.412355410204426, 3.2512974940914234, 0.43608843289596266, 5.56101586591938, 1.7979413934011446, 8.633060833115167, 1.9501289483773179, 2.693919972459113, 3.547560711218947, 2.995634218785135, 2.733479835395124, 8.737315291492227, 6.687531168067933, 3.6530355894427124, 3.9553733861872056], "lim": 9, "y_max": 9, "ids": [1, 2, 3, 4, 5, 6, 7, 8], "yt": [0.7067429120052446, 3.0621837900865727, 0.570103105757535, 0.008367679030951924, 0.7624777280706635, 6.480624357542512, 3.841657173218326, 4.376248830973093], "y_obst": [1.9776669795340112, 4.219816283101895, 5.372815412157937, 7.816106927917171, 2.5433494915758947, 5.233201624965635, 3.8579626179145836, 6.9314119370224345, 1.642317574881043, 6.366484689805388, 8.745070920715216, 8.376720060312433, 7.986626499648112, 0.8701792156855479, 8.082988296956248], "x_max": 9, "robot_count": 8, "x_min": 0, "xs": [0.4780858600239306, 8.732594547813004, 3.759870721037311, 5.044691711200482, 8.426314887436273, 7.0631238235471425, 1.4622055434515646, 4.874401877364921], "ys": [1.9697248936958918, 2.4849052846254924, 5.6779498250191685, 3.8190459957714245, 6.740042459775519, 5.60043922875765, 6.227948971214763, 1.4073979796049223], "heading": [0.0, 0.0, 0.0, 0.0, 0.0, 0.0, 0.0, 0.0], "xt": [6.582852863589751, 6.732371296339707, 8.900396403649813, 0.5781378904258831, 1.5746336133993377, 5.757922419890222, 0.07251145167894046, 7.366026344377209]}