{"y_min": 0, "x_obst": [5.142928171653081, 5.975666678870756, 1.829488985059827, 8.689289296171879, 8.740741997288437, 0.5700577809820192, 4.791461975188837, 5.5532253778498175, 5.727902782909521, 7.877713892435373, 8.832589381907905, 2.1880748808622434, 0.6325072268440292, 2.532198912395511, 6.973076031158815], "lim": 9, "y_max": 9, "ids": [1, 2, 3, 4, 5, 6, 7, 8], "yt": [2.0199398699765707, 8.564086192923808, 3.21829253912101, 5.920813988321483, 3.241167575367223, 6.889532963370245, 1.7474393768162773, 4.976354606484234], "y_obst": [3.1731112323873836, 0.505995395310325, 0.7109622576649104, 1.4857066246077792, 8.303098761191652, 3.0147922570383776, 6.742348015602614, 3.555992606673165, 0.9684929934155523, 6.393447328164543, 4.605326841539642, 5.8846436636491495, 4.919944269863273, 8.771827259957357, 6.960517397396467], "x_max": 9, "robot_count": 8, "x_min": 0, "xs": [3.7695974153173863, 3.2791445580580696, 3.9378893772694705, 8.388062938034698, 0.017409658292109165, 8.483877534692386, 1.5689857637986193, 4.1539890947024105], "ys": [0.21028102972400275, 7.528574679009096, 8.293991806305998, 0.3101753533254875, 6.879120291415807, 5.576741424511354, 8.185801026320078, 4.252263998735158], "heading": [0.0, 0.0, 0.0, 0.0, 0.0, 0.0, 0.0, 0.0], "xt": [2.9277542042595224, 0.38581238184715505, 8.998040138550493, 3.8383014989814117, 2.357110163659442, 1.5739455893067509, 6.488768450333127, 7.222125223026352]}