{"y_min": 0, "x_obst": [5.523998119399397, 7.829153303824556, 6.884448038177219, 8.66515233107076, 7.776835870689668, 6.712903148031464, 3.8017056153487374, 5.332835713450445, 1.035865016634796, 6.177498916488848, 6.892328818428803, 3.6603495113859528, 8.672710901636648, 8.276551451060445, 2.9365751564453313], "lim": 9, "y_max": 9, "ids": [1, 2, 3, 4, 5, 6, 7, 8], "yt": [3.729839553272044, 1.4048725212653175, 8.87778957355841, 1.1408863713304425, 2.998576584885157, 7.632915086480751, 6.412743660354965, 1.4622891555988455], "y_obst": [6.755215950992216, 4.326556122531234, 2.998364954593151, 1.361284721615306, 7.916236180748465, 5.305045045276564, 7.351858411212958, 3.8654482303455, 5.406598744449264, 2.1194595487051098, 0.8287486671397405, 5.833099885565371, 4.0727824985048375, 1.0412492133124338, 2.9886816132168343], "x_max": 9, "robot_count": 8, "x_min": 0, "xs": [3.2501716255568924, 2.7124063034635557, 2.5866609555300273, 2.439904484116843, 7.7899499361377815, 6.741902588364917, 0.41107290512909045, 5.589767886771814], "ys": [3.9546000751820705, 0.37449915476465867, 8.303487313071317, 6.180070876030911, 0.02163964161329457, 6.3709957056041695, 7.877987678195163, 8.150988134087097], "heading": [0.0, 0.0, 0.0, 0.0, 0.0, 0.0, 0.0, 0.0], "xt": [0.17540906549389657, 0.9017797167522222, 4.655308629579303, 5.320126517606255, 7.956988297086222, 1.7699545371797196, 1.3692337612861207, 3.064634804664771]}