{"y_min": 0, "x_obst": [7.520521693925725, 4.656698471706271, 3.86668800205423, 6.616861368434021, 0.03687523353278188, 2.3345171705715364, 5.531464012077263, 6.495958222221051, 3.41970319214566, 4.795122487342239, 7.3874547697249255, 1.537833868737507, 4.202038154246326, 8.140972142622926, 6.175251873956658], "lim": 9, "y_max": 9, "ids": [1, 2, 3, 4, 5, 6, 7, 8], "yt": [2.7520791982006827, 5.563041927384976, 3.141918245647124, 5.949052879646798, 6.011391611387641, 6.716929404580371, 2.840949917753241, 0.46523572690840476], "y_obst": [2.1859002888065966, 8.506468750499712, 8.03881145304145, 3.6748194653136106, 7.797963122178686, 1.505722004563919, 6.705348037952397, 2.1984285283172413, 1.6654873936419223, 6.179253569161281, 0.48500416274368463, 0.2438091910109148, 2.804332821491467, 4.555804973729838, 6.793843882237604], "x_max": 9, "robot_count": 8, "x_min": 0, "xs": [4.756755534593536, 8.356316728464908, 6.648110194266548, 2.1799487389149714, 0.608453898888875, 0.7749393447324346, 0.6041095251923866, 1.6624383732755865], "ys": [0.977958870689234, 1.1901844432473974, 8.150753323291125, 4.253116327439084, 2.0483465760297834, 6.229398981803394, 4.181290726111824, 8.349807514389525], "heading": [0.0, 0.0, 0.0, 0.0, 0.0, 0.0, 0.0, 0.0], "xt": [5.516062540863879, 7.1424739729501034, 0.1410562116972094, 8.517542569460486, 3.7063762684415114, 1.7585316839779197, 8.353561396599858, 3.097441346319321]}