{"obst_count_orig": 15, "y_min": 0, "x_obst": [6.926217113981119, 8.274553422755407, 7.919263894628547, 2.3542458280495855, 4.963298080109881, 2.9203554757265504, 4.287894944869527, 6.807345425142552, 4.871577175312553, 3.7841723775949196, 8.976218735455856, 5.234838587072416, 3.2879856728747705, 4.19504520622214, 8.24470457892268], "lim": 9, "y_max": 9, "ids": [1, 2, 3, 4, 5, 6, 7, 8], "yt": [8.696713114739243, 5.25552123151596, 8.971217740207774, 1.2167991602960866, 3.1331855977408924, 3.7200666526208206, 3.0824028474787144, 1.633920193748444], "y_obst": [5.190698210929958, 4.714847763217908, 5.666116731838779, 7.462155674250413, 0.6963236099119877, 2.637891508667287, 0.11645329934378967, 7.683004023128997, 3.109212393860959, 2.809422178911244, 0.8509165028303621, 0.12448359382647656, 8.92559118007236, 3.8194687894091937, 7.080683290406448], "x_max": 9, "robot_count": 8, "x_min": 0, "xs": [2.1653601659057884, 6.222170982156389, 0.9825947915604507, 1.2782933971368629, 6.318366103785961, 4.957512252614108, 1.9470044027621674, 0.3930399073869677], "ys": [5.25469655044247, 6.437461178645684, 2.0171014527284434, 0.8371587941938609, 2.948261966914827, 7.786666390995099, 1.6231171342349047, 6.98462133956017], "map_ind": 6, "heading": [0.0, 0.0, 0.0, 0.0, 0.0, 0.0, 0.0, 0.0], "xt": [7.204830549809152, 0.13967703511440976, 2.2605637821897226, 7.823403504527633, 0.47839694798268073, 1.998875419126672, 8.856091836636589, 3.8010691564043153]}