{"y_min": 0, "x_obst": [3.5971061594894715, 7.696881919792939, 2.3550239282207133, 8.361929625206685, 2.079602280850794, 2.680494087066076, 6.433057993338622, 6.527709788300263, 7.158297472944723, 6.1894642818259795, 6.322407169768781, 0.46161595353105767, 3.3907810811419603, 4.360729470206211, 4.306146786121077], "lim": 9, "y_max": 9, "ids": [1, 2, 3, 4, 5, 6, 7, 8], "yt": [5.217549279589519, 6.4529871934328, 1.6397416224913182, 3.5983497758211618, 6.30105565725217, 2.1260531931807813, 8.752252006474068, 8.831714981307378], "y_obst": [8.300171820218676, 3.9732429689473174, 5.852960749573328, 0.24277244003375675, 3.8813470964811976, 6.284281645303489, 7.407161039083793, 1.9446344510889562, 0.9204034057836077, 2.7388682873477395, 0.03985231044621862, 6.908693834806062, 7.332852133211196, 0.09138095945843783, 7.667869394779301], "x_max": 9, "robot_count": 8, "x_min": 0, "xs": [2.760627399100178, 7.663184263443871, 8.649449398656477, 8.331049419672652, 8.08195613440122, 1.6688878410551131, 5.9613799450399405, 3.7589248867627445], "ys": [2.168667636496355, 2.4243685518163884, 2.7714766447146957, 5.012628608011919, 7.683654445542814, 0.6388662252907555, 5.651275153797525, 5.0970278042791275], "heading": [0.0, 0.0, 0.0, 0.0, 0.0, 0.0, 0.0, 0.0], "xt": [1.2229870905110758, 5.061912856501251, 4.631829964162649, 3.3461663256876046, 7.692772261582281, 1.5847229481867628, 1.7338521385232935, 2.7390688813116464]}