{
    "n_obsts": 15,
    "y_min": 0,
    "x_obsts": [
        2.6156695107981305,
        2.3240873331282654,
        6.082573692434412,
        4.277873526059031,
        1.5640589274814038,
        2.9947590506159445,
        7.022309153599451,
        6.460166351859692,
        7.39151621861406,
        7.595392491472629,
        4.115747162276487,
        8.821871257810677,
        8.88125632726232,
        1.7814728943918263,
        2.7988549006047925
    ],
    "lim": 9,
    "y_max": 9,
    "ids": [
        1,
        2,
        3,
        4,
        5,
        6,
        7,
        8
    ],
    "yt": [
        8.551011905342957,
        1.393824282371272,
        4.5084415302964755,
        8.966519010534366,
        6.1136314473729065,
        2.663957312254089,
        2.621111816096877,
        6.762092103840111
    ],
    "y_obsts": [
        6.024470310150929,
        7.211825635292651,
        5.783138225706546,
        5.376209333333294,
        0.977424826478835,
        7.653706946827287,
        6.986435676452858,
        1.164814653434239,
        6.313418476108293,
        0.6516276257423109,
        1.2359668070806857,
        0.697565720045234,
        3.312367703100633,
        2.890695631998886,
        3.1515331039040824
    ],
    "x_max": 9,
    "n_robots": 8,
    "x_min": 0,
    "x_starts": [
        1.1902539246720012,
        4.881577240320488,
        0.3889637942045078,
        5.805847038438956,
        2.9003818746595127,
        3.112807538951635,
        5.259553199104392,
        0.5148793947361637
    ],
    "ys": [
        2.026871209460058,
        8.082015133302924,
        5.287455156609445,
        3.7824499998828154,
        0.14681884738643403,
        4.639155305853631,
        1.8815376077123103,
        4.0499457785442585
    ],
    "map_ind": 3,
    "heading": [
        0.0,
        0.0,
        0.0,
        0.0,
        0.0,
        0.0,
        0.0,
        0.0
    ],
    "x_targets": [
        0.41594397820769236,
        2.6955780301486065,
        7.120477131729459,
        6.710047570049638,
        1.152527217197454,
        8.089087381743884,
        0.09738430057684411,
        4.972689291796758
    ]
}