{"n_obst_orig": 15, "y_min": 0, "x_obst": [8.994359117692285, 7.38528489829388, 8.401256292513954, 5.079294481493451, 2.3051341753123413, 1.996737402784439, 8.707670449524947, 1.1670088817670363, 5.887249909251297, 3.7932722818364133, 5.526883499133953, 7.866833321494727, 6.7146937180536845, 6.903297808090229, 7.938238895446221], "lim": 9, "y_max": 9, "ids": [1, 2, 3, 4, 5, 6, 7, 8], "yt": [5.45938623728681, 6.961739136973659, 0.05081023061893408, 0.895673290322334, 0.5465485000898284, 1.335840983340979, 7.102121119875241, 8.325178485395606], "y_obst": [7.851579965418554, 0.6549111951321002, 3.2060860840038563, 7.455517453105492, 2.894504080399882, 8.267644655043572, 3.6546317158847916, 8.401617662869873, 3.767187323134275, 6.598671190132059, 6.019912619457957, 2.0037369682134676, 7.39074029149961, 3.8346529559294917, 8.098769546027071], "x_max": 9, "n_robots": 8, "x_min": 0, "xs": [4.719061615214061, 2.693769710590861, 1.1293922704635988, 3.372984405770639, 6.747639632995454, 2.4155139145940003, 6.105068164617257, 3.2623639480671947], "ys": [1.9488771754193124, 3.9646797053642606, 2.4509847411097168, 8.070431926871901, 8.510805501886335, 6.07018185538136, 0.22438755879811456, 0.9096151528341402], "map_ind": 5, "heading": [0.0, 0.0, 0.0, 0.0, 0.0, 0.0, 0.0, 0.0], "xt": [0.25601490497854784, 7.6705546326060565, 8.555247831308417, 1.3706983089668694, 4.5045753269955116, 6.2772955780611115, 1.2266119834179001, 4.404298458566806]}