{"obst_count_orig": 22, "y_min": 0, "x_obst": [3.1794776653348977, 5.155439929033484, 0.6292760414478628, 0.7827833656639248, 6.094248198546343, 4.8854469225522825, 8.759715177886333, 2.007343739563384, 5.125419968424135, 8.628741074463003, 8.503694180986354, 8.841353307064514, 7.375928936625323, 5.90366008593369, 4.235891191093591, 2.696092942240268, 4.646371607024745, 4.170030822033282, 7.6790034309354605, 7.62283848146509, 5.283330077276593, 6.740152711788854], "lim": 9, "y_max": 9, "ids": [1, 2, 3, 4, 5, 6, 7, 8], "yt": [8.506950022212065, 1.251136079707892, 5.818471111148078, 8.99755414919593, 8.440287945459113, 0.8640655144492654, 6.6526275641222945, 3.2816829110486743], "y_obst": [1.888321282867114, 1.6387430546258306, 6.559483860347241, 7.563516388181709, 1.7343125382215279, 0.39086718217293903, 0.32799647029947165, 4.780427241563263, 3.136527108443639, 7.402897981852071, 5.52199670431738, 3.983237835725837, 3.819141977066066, 7.634104440239458, 5.816543304344033, 7.994726496742098, 3.7314539338754065, 7.067920117671709, 3.081228662284004, 5.505071915705748, 7.760194692896906, 8.187083994991022], "x_max": 9, "n_robots": 8, "x_min": 0, "xs": [3.519433316740768, 2.8303707762688886, 0.6403672443977512, 5.603631801692249, 7.117639700040298, 8.056515427954539, 1.835295177200937, 4.077680388563341], "ys": [3.2334388951623385, 6.16809028307943, 2.4466233148749676, 4.181621071620202, 0.14785895927937776, 1.9160242860574872, 1.5393781118175993, 8.470304672730073], "map_ind": 7, "heading": [0.0, 0.0, 0.0, 0.0, 0.0, 0.0, 0.0, 0.0], "xt": [7.817966870932332, 0.32539678095593116, 5.501053614082459, 8.771855465354491, 0.15539894111655894, 2.80241679178543, 6.341699388642427, 1.4297160932967699]}