{
    "n_obsts": 22,
    "y_min": 0,
    "x_obsts": [
        7.203709924715087,
        8.112997011619345,
        7.195829312522323,
        1.856997806787139,
        7.5504039324007675,
        8.964300243621347,
        2.0711389346885123,
        1.211368944974934,
        7.289804478761063,
        6.224892078142241,
        0.14497024713188345,
        5.140724362380193,
        3.2719925540009394,
        5.35228233814749,
        0.2880537395147674,
        6.5445236443010995,
        5.8223871505012585,
        2.1274259823990955,
        7.26146824317443,
        4.917259661384591,
        3.343588245615581,
        0.14816496103828958
    ],
    "lim": 9,
    "y_max": 9,
    "ids": [
        1,
        2,
        3,
        4,
        5,
        6,
        7,
        8
    ],
    "yt": [
        6.480083681268766,
        1.9090130325482548,
        2.442818931864834,
        8.890905495800343,
        1.099411659418231,
        1.1077668798101266,
        6.845702321580573,
        8.735766089620956
    ],
    "y_obsts": [
        6.06363057949192,
        0.9639359139778834,
        3.4971238719475064,
        6.855253930257957,
        0.8985055996746859,
        2.828116264115969,
        2.628088933952376,
        3.013436360836603,
        5.176713486554469,
        2.6836271421471647,
        6.053586717385725,
        2.9724202524689725,
        3.972860485704653,
        8.021038089636734,
        5.371297812300374,
        3.8534517480987076,
        3.149763331455022,
        3.5276600509006086,
        2.1306583925399103,
        8.332729602604328,
        0.47499486390534373,
        3.4844520350398214
    ],
    "x_max": 9,
    "n_robots": 8,
    "x_min": 0,
    "x_starts": [
        2.7844080056776894,
        1.350882679131145,
        2.633295724675334,
        4.199069718720605,
        7.934773279337728,
        5.538587242068731,
        4.489933790677484,
        0.7388505443927861
    ],
    "ys": [
        5.9896119630901605,
        8.771795776697191,
        8.131800469295344,
        5.711111366971963,
        7.508647333024294,
        5.541982042863931,
        1.7135844616267462,
        0.22205240906886026
    ],
    "map_ind": 2,
    "heading": [
        0.0,
        0.0,
        0.0,
        0.0,
        0.0,
        0.0,
        0.0,
        0.0
    ],
    "x_targets": [
        8.364953754880867,
        0.16477734698216995,
        3.208399353054612,
        8.631861676922668,
        5.92866916746375,
        1.285517018947031,
        3.514468807859465,
        0.15246798703982012
    ]
}