{"y_min": 0, "x_obst": [7.91922936769176, 3.313940938310691, 7.422930664827574, 1.619325623604475, 0.3339414223834585, 6.050753577930257, 0.48443800997847264, 4.558416285318808, 5.392984502428779, 1.956586244341703, 1.6355244992656772, 5.054460467485432, 3.825400327336594, 4.770577089385784, 6.260697342727751, 0.15855754312763104, 7.10522202093043, 8.245904185030973, 8.178067140577967, 7.48430236067605, 4.661773562129718, 1.700506470916398], "lim": 9, "y_max": 9, "ids": [1, 2, 3, 4, 5, 6, 7, 8], "yt": [1.2653354447334342, 4.87073344084012, 0.03398512833983158, 6.554574272726741, 4.742424273220877, 0.1311647530480401, 8.849682544137679, 0.017759566956486394], "y_obst": [4.413012774805718, 3.611625099774735, 1.9336162516031599, 6.695880744873961, 8.843974392598806, 7.437718151574184, 1.649755788682175, 1.6939379170341105, 4.995038831075524, 8.115079395894012, 2.4098580029527934, 7.636697220169336, 8.276535099520492, 5.126696266150753, 1.522986366966967, 3.3280510211964236, 5.87044199032176, 6.129887521242887, 6.696300039051442, 3.7510539981121207, 6.157493574026814, 0.302118851305862], "x_max": 9, "robot_count": 8, "x_min": 0, "xs": [3.4995560506877004, 8.9066823616914, 2.510114964120201, 7.235866486457786, 0.5294710961800871, 5.7447527032067764, 8.730517733864248, 4.246505432349031], "ys": [6.414829347673877, 2.65801674702618, 0.9488206902640128, 8.854882915797182, 4.707513352387706, 8.580709729268298, 1.0950906881187819, 4.138882863252658], "heading": [0.0, 0.0, 0.0, 0.0, 0.0, 0.0, 0.0, 0.0], "xt": [1.4103712239547797, 2.8294541872008203, 3.460555848069691, 0.135498173465189, 6.934300394487102, 8.103238493920719, 8.578647304933433, 6.324517586824072]}