{
    "n_obsts": 22,
    "y_min": 0,
    "x_obsts": [
        4.305558885481105,
        0.7786093530000353,
        0.21022080695718137,
        7.515864957672006,
        1.1679053565881883,
        1.9424364818410624,
        7.255595306684213,
        3.263561555778891,
        0.7310138148931672,
        2.9331851689902653,
        0.09210509191419114,
        8.359690087833373,
        8.026273722673587,
        0.7028420149045473,
        5.022688623147454,
        2.694700625516276,
        5.731089956566169,
        5.914775908690152,
        8.187848369092283,
        7.409202798193295,
        6.22606530095005,
        5.598781185550795
    ],
    "lim": 9,
    "y_max": 9,
    "ids": [
        1,
        2,
        3,
        4,
        5,
        6,
        7,
        8
    ],
    "yt": [
        3.7592156030767745,
        6.4459016697920175,
        5.69746428691971,
        8.93222655364445,
        8.746459923335422,
        8.495925325668338,
        0.043511303167819926,
        4.711605711873777
    ],
    "y_obsts": [
        7.880054906876346,
        2.8187317616739267,
        6.675985240897349,
        5.459183797372063,
        1.852279186213694,
        8.048969194328809,
        3.587911405630294,
        5.874896598206638,
        7.936317309022546,
        1.7923311033659979,
        0.3007571022183303,
        7.5548986405987035,
        6.9565833542913245,
        6.786291892158726,
        6.634098505480274,
        4.820362953497505,
        2.5129835610982454,
        3.5196594094974065,
        0.7716485113693236,
        2.8065597526414594,
        4.72793622856223,
        7.53371204542743
    ],
    "x_max": 9,
    "n_robots": 8,
    "x_min": 0,
    "x_starts": [
        8.519364837193573,
        2.9890417880449376,
        5.495904361998459,
        8.615107201434569,
        2.197018041881657,
        6.640660820285278,
        3.95143149391094,
        0.1862519185503817
    ],
    "ys": [
        2.00343991023386,
        0.47908810362830245,
        0.2830195658899507,
        5.619408332725422,
        6.4563242823185725,
        2.0875734231650633,
        4.835915936260239,
        1.579186339135888
    ],
    "map_ind": 12,
    "heading": [
        0.0,
        0.0,
        0.0,
        0.0,
        0.0,
        0.0,
        0.0,
        0.0
    ],
    "x_targets": [
        1.6348426343905924,
        6.950678915626805,
        0.5900180496690337,
        3.5738814132139347,
        7.557630494955902,
        8.721740414154795,
        8.917072195835104,
        5.058446764349941
    ]
}