{"y_min": 0, "x_obst": [1.2769384424264, 6.285398436473894, 5.9382933788918395, 3.4939993356576453, 7.289447330487443, 8.51650310239261, 3.822054036733668, 7.595752349675021, 2.5721309707145217, 4.300066454544133, 7.893199773185266, 0.5287351641612162, 0.8671887758901102, 2.6795178252628506, 2.438738178077882, 0.013559593236148304, 5.091990876147817, 6.3646584418847265, 7.856823901274538, 8.482896629147604, 6.423647896834894, 1.3387446019596647], "lim": 9, "y_max": 9, "ids": [1, 2, 3, 4, 5, 6, 7, 8], "yt": [2.644179060846101, 7.532670365607537, 7.703785971262199, 4.816790264719127, 2.1770904051939626, 4.186165192330828, 0.0457872613012924, 7.719658983942758], "y_obst": [0.33278557040910683, 8.233196734657545, 3.123603443108626, 1.736041228574717, 1.8207081143207566, 4.621618511088507, 0.3261072165144171, 0.20455178737458146, 6.0327291733426485, 0.09380968464094819, 6.166118394975128, 1.1259437061381656, 5.050719115145599, 0.4445734208362161, 7.578930269902854, 3.494619501732931, 1.0907988435848393, 6.882749407256064, 7.949999104373273, 7.766197159387854, 2.507607043979121, 3.5611303356417756], "x_max": 9, "robot_count": 8, "x_min": 0, "xs": [2.6014367708038835, 1.4246250805998901, 3.7193712543139794, 5.462721837568778, 1.96048918255278, 6.482198231386255, 6.419258433251687, 4.164818430135947], "ys": [2.7541499948306782, 1.9061158742593713, 6.895719483143616, 6.35324244495314, 5.218597307779414, 4.286814287187768, 1.0470547691614667, 5.737838711142637], "heading": [0.0, 0.0, 0.0, 0.0, 0.0, 0.0, 0.0, 0.0], "xt": [8.118838071277782, 4.6578902575314185, 0.29917734357042625, 5.115830432112849, 0.3442651401104114, 3.466999916829092, 0.12787200068574045, 1.4422451148591582]}