{"n_obst_orig": 22, "y_min": 0, "x_obst": [4.033100131126278, 0.7170661489775475, 0.3609553709686134, 2.179058444500919, 3.937831618746408, 3.882670716781207, 6.560333238716172, 6.260578784110245, 5.718422347794268, 7.186095937382135, 0.37169657195816563, 4.730011651597607, 8.872567967199743, 3.848612195437392, 1.8950929290791843, 3.0714409895288606, 6.303039717573486, 1.5542261457014868, 8.61052467497927, 4.473156040444038, 6.202503285380131, 4.838701152493271], "lim": 9, "y_max": 9, "ids": [1, 2, 3, 4, 5, 6, 7, 8], "yt": [8.076775643021, 0.011543566119301518, 2.244654098753296, 1.4929558804473275, 6.596519698650554, 8.904280975247357, 5.590352970237671, 2.5936184919669314], "y_obst": [4.012192592249724, 0.37852263525203034, 2.0007087340478744, 2.1422054756936078, 6.012330053589051, 0.1794099683342233, 0.507774889417618, 7.586963335764141, 8.769229600765774, 2.6973628931662725, 2.7677713094582854, 1.2145125411161264, 8.5578457565484, 3.219623538820083, 5.303762939785495, 8.80500550247086, 1.0876573027346312, 1.78607073443641, 3.7645092007707, 7.10517289528848, 5.9465412564859195, 5.017844684091806], "x_max": 9, "n_robots": 8, "x_min": 0, "xs": [5.500500891281907, 7.236986700715635, 0.20578043025205817, 2.6707383399836093, 7.300757994276878, 7.224222725871863, 3.1156096195295273, 4.496884357612126], "ys": [4.1828713318442015, 6.6021999087786325, 5.663429064694853, 6.228557274100597, 7.950372626762104, 3.754708690869416, 1.6252336227652506, 8.983090505018158], "map_ind": 6, "heading": [0.0, 0.0, 0.0, 0.0, 0.0, 0.0, 0.0, 0.0], "xt": [2.2315248716334013, 5.66116937262911, 8.120841617957186, 8.961870628216984, 0.7874564647638341, 1.580526478687463, 7.44773149734186, 5.758295041470478]}