{"y_min": 0, "x_obst": [6.187976501067421, 2.7989974996537055, 7.663143903253617, 8.92788884704794, 2.9994066814052505, 3.85776808401298, 1.450396540242381, 6.103899735253678, 8.709629714441927, 3.2499229262143037, 5.469365611773964, 8.581178079310638, 8.34662677491369, 6.2012046520939155, 8.76278002041429, 5.18853191995796, 1.4119350253908747, 5.41805275125912, 7.29912267234047, 3.7783813575160705, 0.08661080605934213, 2.7417632740398536], "lim": 9, "y_max": 9, "ids": [1, 2, 3, 4, 5, 6, 7, 8], "yt": [3.4620192565623533, 8.88549298594295, 1.3698327899800862, 4.0740255146589375, 5.5722549167088244, 2.672651667116707, 8.716860419648366, 2.342226652091946], "y_obst": [6.711173477399942, 3.044177959887671, 6.68525385884323, 3.5501566829950555, 4.015014692253972, 1.8425185774587935, 3.4618064480392845, 8.348536445894506, 7.989876822517939, 7.774819711122064, 0.9400952515720249, 5.397166495546512, 2.0895553003441707, 5.155922086918558, 8.841825295298785, 3.866221937892301, 7.288053216929861, 6.10921528486417, 4.787269083210846, 6.8505886376664735, 6.222853680626546, 6.232500315316772], "x_max": 9, "robot_count": 8, "x_min": 0, "xs": [0.31568400441020716, 4.502411084232111, 1.26080461169405, 4.433808535970942, 3.9661822453869675, 8.067725943514024, 6.606277112496068, 1.7239806297773184], "ys": [8.712584362041483, 5.1188159318161235, 4.81334046984246, 0.20780672279179369, 3.4341978078928674, 0.6861230812648058, 2.183538449787765, 0.08610290065760962], "heading": [0.0, 0.0, 0.0, 0.0, 0.0, 0.0, 0.0, 0.0], "xt": [7.544747753613036, 7.3148514343742335, 0.7640882596363066, 0.528722034473672, 3.575965429137506, 5.130540330033119, 3.683067566295423, 1.3982154599411833]}