{"y_min": 0, "x_obst": [0.6331362758981832, 8.133169699197632, 1.4671904025035132, 1.4574667260943333, 5.1695821189740485, 4.178584246437598, 5.294306002893671, 3.6762061781500464, 1.009334970118882, 2.3683439776472914, 5.3424496674836774, 4.383030513880311, 2.7532457984216663, 5.07638185933516, 2.643065374730513, 8.997292499721711, 5.485982987623168, 1.520029304032894, 4.947501773436793, 5.9063796603553005, 5.834323735131107, 8.403385712441066], "lim": 9, "y_max": 9, "ids": [1, 2, 3, 4, 5, 6, 7, 8], "yt": [7.450238332008577, 3.7429680946058683, 2.407042052966819, 0.0633275766110507, 0.5401965953486869, 3.6878792126308264, 2.428012429181571, 5.205388509483772], "y_obst": [5.081437506376455, 2.4833769908522374, 0.8425465795192735, 4.77627029018198, 5.007596238298136, 8.404386045006802, 5.9100137111656394, 5.143174008868877, 8.096759376629777, 6.628522009127169, 3.811524122718204, 5.584795190280525, 4.459098100361303, 0.2373833766013379, 7.67358949287739, 8.357484924580747, 7.26623225006998, 6.601394010620719, 8.568302963136949, 8.823774244523754, 1.5320344403648094, 6.69694608427316], "x_max": 9, "robot_count": 8, "x_min": 0, "xs": [0.19211190796878153, 6.698279866547382, 8.964848428313061, 3.8513000953455654, 7.094091609999111, 8.168932065120943, 8.570589454289436, 6.918102083811953], "ys": [1.9343995703374843, 0.22805219785628816, 3.2413456578098194, 1.3799612446975895, 7.330842483185915, 4.885022676720642, 0.39870674876292556, 8.835511521054672], "heading": [0.0, 0.0, 0.0, 0.0, 0.0, 0.0, 0.0, 0.0], "xt": [0.22866059262343952, 3.798283149631364, 4.165737201524564, 2.98456788029335, 0.3428641414559801, 7.432407001159143, 1.2868742857995596, 6.566323079688592]}