{"obst_count_orig": 22, "y_min": 0, "x_obst": [6.556230167075202, 6.036335759123525, 8.488329570429404, 7.116357158996657, 8.199847430329726, 0.7791213261917097, 7.706911023621129, 0.6998434196118292, 1.5350415114566371, 6.272566236054425, 7.532315802854344, 6.726752596854372, 8.726128737259712, 3.029404400653535, 6.892206057291646, 5.212305242164876, 3.7220955946418246, 7.657183310341738, 6.02057304505545, 3.2478923151155747, 3.898059302059471, 2.19915431952034], "lim": 9, "y_max": 9, "ids": [1, 2, 3, 4, 5, 6, 7, 8], "yt": [0.09182294212326603, 3.9878565544086717, 0.37355394476447024, 1.8572083903246457, 2.891194730562273, 5.469965186308823, 7.53466525932357, 1.6184390159804942], "y_obst": [3.0516843740412223, 8.41696847119498, 8.546374292857655, 8.78209313890351, 4.980408487593363, 1.4459496529096219, 8.658427010223924, 4.481883047408242, 1.2692753020565828, 0.38786052020090833, 0.8869932460301292, 5.1037744752667695, 5.080264731165578, 4.435677288082214, 6.1159125362326625, 3.1237444652812694, 3.9358610093639754, 6.816431119407467, 5.410804483590407, 3.7254380205844324, 8.013918024782322, 6.1422229587423525], "x_max": 9, "robot_count": 8, "x_min": 0, "xs": [4.003179957944799, 3.406234860950343, 1.102809301564628, 2.2877876233856456, 1.4873257785234801, 5.434998750719461, 2.989677186073598, 4.115691059543915], "ys": [5.193282277308189, 0.7253245241297633, 7.478049193774726, 8.825743772223358, 3.2982165025206607, 2.1269608000413562, 2.7529166701449346, 6.707747505491855], "map_ind": 1, "heading": [0.0, 0.0, 0.0, 0.0, 0.0, 0.0, 0.0, 0.0], "xt": [4.768430468813216, 8.065087650033195, 0.5789618657796947, 7.9896803837425665, 8.146927304048443, 1.1458592389517563, 5.281895057357654, 2.7842622260537073]}