{"y_min": 0, "x_obst": [7.969479042281293, 5.947079577458934, 6.784274298120729, 2.0515099704406725, 4.560628556327003, 8.486025877382277, 2.224291316720492, 7.732648780068243, 0.5887363925778241, 0.35191126867649514, 4.890257414867914, 7.179620332785482, 6.364485242649483, 8.5849882853545, 3.9051352848736043, 8.06159038817847, 2.665209450489475, 8.04322932610918, 2.613620052174058, 3.8806557573605445, 1.2031877665737798, 8.571188404552792], "lim": 9, "y_max": 9, "ids": [1, 2, 3, 4, 5, 6, 7, 8], "yt": [3.5722926206925556, 5.510818199342973, 8.314908836377148, 7.6083253222178975, 0.4362584756359863, 5.025211306744182, 4.525081126277717, 3.880990914618142], "y_obst": [0.15389055014768838, 8.267553747213448, 4.043749251299871, 2.1671883559581304, 2.9282122855445785, 3.5444173631501603, 4.399194580305416, 7.9665009425119955, 5.190511866350242, 6.575716301480023, 7.887458805569205, 7.183007826220671, 1.1232665624140268, 7.3553312031496025, 0.6275905466374361, 2.9154224795893486, 5.969542082663627, 5.576544181076237, 1.9542765355794756, 8.097450718898061, 1.847924635518365, 5.941979269727572], "x_max": 9, "robot_count": 8, "x_min": 0, "xs": [3.9418361079880926, 5.60139333073729, 0.9999166642731152, 5.539115524732151, 6.281842607070329, 6.166551424405028, 8.51582370861563, 8.920870327180403], "ys": [4.6948633299639475, 3.9958727721651712, 0.8195547608837865, 2.3898776913099002, 3.140909539780387, 6.428998464719951, 8.962159955133622, 0.8830742705711555], "heading": [0.0, 0.0, 0.0, 0.0, 0.0, 0.0, 0.0, 0.0], "xt": [1.5377643423004943, 7.040564087099685, 0.5722169611514649, 1.8947493242424949, 5.125494710209552, 5.306128811321827, 7.926473070558657, 3.193344281852122]}