{"y_min": 0, "x_obst": [8.105906378814094, 5.5143698259296485, 0.8703310458746571, 2.000950826035508, 1.481246673503021, 6.834501314974368, 7.686475127142365, 7.692927893403215, 8.295032401845042, 3.9854752695914137, 5.935937618225199, 2.2133052486636, 5.880727776481848, 5.082376108678625, 3.361861756602908, 3.0175674135097506, 6.769107963053237, 6.943145531499296, 8.620772166849031, 0.8414914743608946, 0.6142801166086812, 5.216510114480381], "lim": 9, "y_max": 9, "ids": [1, 2, 3, 4, 5, 6, 7, 8], "yt": [4.595201419345301, 0.24045247986628082, 2.2512823275339118, 8.25561779659296, 5.180222163783776, 8.098696630047272, 3.1644354945613893, 6.045858536714437], "y_obst": [0.3381648468153102, 3.918944077597665, 4.456929885686059, 3.6862132490460704, 0.022985288722563557, 0.0971137404215272, 6.056065450567512, 8.255950532672358, 6.631005695483543, 1.1183029756062086, 7.373379271023367, 8.549479844935163, 2.8873659459922174, 1.4128080663537208, 5.446197451116395, 3.6645462475967823, 0.9785435189809784, 8.269760238277865, 0.31196846482041296, 7.087168146709264, 2.875378238315409, 2.6029324948014763], "x_max": 9, "robot_count": 8, "x_min": 0, "xs": [2.983623945652306, 5.406194107420257, 7.771501815623766, 7.926171658821838, 6.636941327803552, 0.3074598676696262, 3.485187673115854, 1.9663229325351876], "ys": [0.09320801992206851, 5.628798518062838, 3.969781999167602, 1.5117621962550145, 5.5340402343545385, 0.8870982597743886, 6.872908615052729, 6.979517384834007], "heading": [0.0, 0.0, 0.0, 0.0, 0.0, 0.0, 0.0, 0.0], "xt": [8.552582666913882, 5.8006792833997585, 3.3828127001657604, 0.028015448810944088, 1.6985079420799227, 5.232562718870287, 8.516564001050838, 1.147032448206721]}