{"n_obst_orig": 22, "y_min": 0, "x_obst": [7.037289792254701, 0.6717647276054315, 7.926106190155694, 6.7604376218043605, 7.303412578115138, 6.574784148960609, 4.113061298445636, 6.098535678692544, 3.0160184345740797, 2.5427167758482234, 4.018023318377301, 3.0713618708217387, 7.587066944396959, 3.5360990858284067, 3.8799625589501594, 6.494404902381656, 4.618972048326379, 7.773387617446939, 0.9777404178014559, 3.979324897954811, 0.40053731556247685, 5.98030024227149], "lim": 9, "y_max": 9, "ids": [1, 2, 3, 4, 5, 6, 7, 8], "yt": [3.2317254594602276, 0.939547375751045, 0.2081835531317977, 3.983442037605104, 8.817195689931017, 1.7198235438673364, 4.874575868863259, 2.2213507837940387], "y_obst": [2.5852626653678143, 7.078981839693802, 7.75607946813677, 7.42946405583942, 7.6288287923776945, 1.414570089277583, 5.8908231572451015, 8.989705800684607, 3.902906095248504, 2.078107098497142, 4.552469268318931, 2.0351818302882183, 3.2246925768778976, 2.6289296484663702, 1.742610161702229, 3.1314216120025513, 8.159883183943109, 4.773571298853405, 4.114007934179564, 7.489257518372597, 7.829599306359493, 7.797695032645244], "x_max": 9, "n_robots": 8, "x_min": 0, "xs": [5.332331628118259, 8.602969508217404, 8.759224609455309, 0.8802621618207898, 3.72495400906937, 5.201091752827794, 5.451704060207711, 2.0737739936048034], "ys": [6.778123266153081, 8.896354848068155, 7.144928973783553, 0.14808373607696468, 0.323656898904096, 5.413296659989459, 0.44676409061128586, 5.88241786221382], "map_ind": 11, "heading": [0.0, 0.0, 0.0, 0.0, 0.0, 0.0, 0.0, 0.0], "xt": [0.0770894845135679, 8.793966276522825, 7.336852362819094, 8.459483504058857, 3.2767294494857886, 0.5537971335705082, 1.7960319454275395, 5.505162533619545]}