{
    "n_obsts": 22,
    "y_min": 0,
    "x_obsts": [
        2.8811683940026693,
        5.675480827677379,
        7.541668430610121,
        0.13826253592792515,
        2.5270365366137355,
        2.3532298498698876,
        0.29062883529700145,
        8.159460297219338,
        1.7569763302153294,
        8.197911913514453,
        8.495368983430959,
        0.7855625682980397,
        5.009002362411442,
        5.182631464993316,
        8.803056461602662,
        7.802055493152835,
        8.091501343568574,
        5.34430707519439,
        3.708101721501814,
        5.043672596525225,
        7.291311788855414,
        7.187217262401457
    ],
    "lim": 9,
    "y_max": 9,
    "ids": [
        1,
        2,
        3,
        4,
        5,
        6,
        7,
        8
    ],
    "yt": [
        8.658809073215465,
        1.4208472448223426,
        5.030145764712137,
        7.146821370679905,
        5.486802028167533,
        5.526801995560128,
        1.4851373811591242,
        8.97728578605839
    ],
    "y_obsts": [
        3.6602167903056366,
        0.4977816167862026,
        2.2777582755800134,
        2.5773967615884548,
        6.029959685540715,
        0.6964095577149894,
        8.427058748291918,
        2.0248129097861085,
        4.23704991388683,
        6.358846462346779,
        0.7515340917459874,
        4.331133372165081,
        8.802880485342795,
        8.33211885267929,
        0.1522318714093326,
        0.17179696314269177,
        1.4121744396258737,
        7.134475849779554,
        5.505930023507348,
        0.44822319503054286,
        1.425474942981668,
        3.9494246287659927
    ],
    "x_max": 9,
    "n_robots": 8,
    "x_min": 0,
    "x_starts": [
        5.896959439522563,
        7.181103673918754,
        1.249687049939137,
        3.791507600513591,
        0.032539478940530775,
        7.000053846434992,
        5.273780755026306,
        4.126568477200574
    ],
    "ys": [
        3.188914726539113,
        8.151467443307418,
        6.906465923642954,
        1.0090169540461824,
        5.084460574703686,
        6.725057274880338,
        4.6979744012536475,
        2.187976944840898
    ],
    "map_ind": 5,
    "heading": [
        0.0,
        0.0,
        0.0,
        0.0,
        0.0,
        0.0,
        0.0,
        0.0
    ],
    "x_targets": [
        2.2122868584919,
        1.5008985654327256,
        7.856185397568696,
        3.9747598945565312,
        6.477317173625725,
        1.4704239906868117,
        0.06040525150732701,
        1.137703336883226
    ]
}