{"y_min": 0, "x_obst": [4.691861525958859, 4.572116259578547, 7.703766349351706, 0.6326135247608089, 6.807837221173964, 5.352483945639623, 7.849913731116121, 5.563188998766266, 6.5704910373096075, 2.910577956477142, 3.7195113749279414, 3.9687454250691845, 5.487882163791769, 3.8661543892815464, 3.396885595980512, 1.605654768895214, 6.916956281236276, 1.250360175026779, 6.449659889639165, 6.220696727677316, 5.96169065988834, 6.205942526601507], "lim": 9, "y_max": 9, "ids": [1, 2, 3, 4, 5, 6, 7, 8], "yt": [6.869178798975051, 3.316914805698884, 3.613991089525025, 8.48263518235652, 0.8835512851496926, 0.12091989550133309, 6.734235321848998, 5.715839526799988], "y_obst": [6.806544883314694, 4.544507922454774, 5.729524473509367, 0.7208789087697782, 2.8169948746009803, 7.614475331476658, 4.638391212647702, 1.1798155680098734, 7.843413431320058, 0.7598381091184905, 2.3429947196576855, 8.535804659639469, 6.920129574563874, 1.3846844975757064, 3.7494420251116765, 4.953505385475017, 5.312003766172223, 5.666290910612571, 8.423126588238325, 2.478671064231037, 6.463996843544791, 4.474169296273382], "x_max": 9, "robot_count": 8, "x_min": 0, "xs": [6.312319492346012, 3.1616519563970447, 1.9121062032262124, 2.427423288509334, 8.93041536487311, 0.5535732808153219, 8.641071389731406, 0.23102162064565335], "ys": [0.44719172061036117, 5.429877706133375, 8.531798031384836, 2.4638750462555348, 2.564898091283407, 2.9303286376113107, 6.838916816094886, 5.443484054187506], "heading": [0.0, 0.0, 0.0, 0.0, 0.0, 0.0, 0.0, 0.0], "xt": [0.4793107329234225, 4.755446798737191, 1.7072097545939857, 0.4840392468156417, 7.706990983031864, 8.40533827942578, 3.320915281793476, 4.3436332577674115]}