{"obst_count_orig": 22, "y_min": 0, "x_obst": [8.79572169892568, 3.6537143205593106, 5.871139546781595, 6.618561963876811, 2.0255553400232538, 8.995669125994581, 3.289471363196049, 5.829268845251172, 0.6320800792662518, 2.596610758167966, 3.4501509346303507, 3.0472296464214583, 0.561091853001483, 8.732255100853028, 1.8685241879099717, 6.167825199750438, 1.2642079875504906, 2.0460192804523643, 8.911070289954736, 5.7148110210501875, 5.817916393679742, 2.4609029335705834], "lim": 9, "y_max": 9, "ids": [1, 2, 3, 4, 5, 6, 7, 8], "yt": [7.6479167060763995, 0.2558491626061712, 8.002307241698723, 4.786237772437623, 5.240988277509096, 6.797747201644389, 3.1357700867678835, 0.2644885180688933], "y_obst": [5.223463477685669, 5.964395836139621, 3.88173304052146, 0.9751135844057934, 0.062374878922160204, 3.762255771555239, 0.4398974713573399, 0.05801897092099639, 4.681053188216639, 0.8534084456484639, 3.1631472890161234, 5.874596595981809, 0.024898995782092426, 2.3317497877993247, 8.363762971021483, 2.193594256340816, 0.2640207328262667, 3.352169110093501, 8.802576874331848, 6.232820764101798, 1.3464929496101543, 7.933124649882633], "x_max": 9, "robot_count": 8, "x_min": 0, "xs": [3.4153169240954124, 4.710048842434921, 7.198602491316193, 0.023098570896508908, 0.8068779008615832, 1.5827806748407856, 3.4086653603764603, 5.4788773727484195], "ys": [2.036174228190352, 4.778309231316544, 3.0164647730587424, 3.2879104442173848, 8.514830156934277, 1.6502670481037645, 8.274187855757592, 7.4685198143001745], "map_ind": 4, "heading": [0.0, 0.0, 0.0, 0.0, 0.0, 0.0, 0.0, 0.0], "xt": [8.533755736114824, 7.560152460385535, 6.630283827901943, 6.403744062781783, 7.461876186400783, 7.078655906464903, 4.534802497967355, 4.595909089897802]}