{"y_min": 0, "x_obst": [1.7129170111517837, 2.3182067775113495, 2.0538372724594467, 4.689395804983818, 1.7262641273804815, 0.8190709655349342, 6.509636284530004, 4.740236044662799, 0.21395755927529647, 3.1163532740848594, 7.790969599563793, 6.812281372247478, 2.5874986803252313, 0.16140428750084157, 0.49091935039955026, 8.661664390909898, 6.944076355081693, 6.658952664185195, 2.8134606387321393, 8.586787145148211, 5.012886394612345, 4.798590199918249], "lim": 9, "y_max": 9, "ids": [1, 2, 3, 4, 5, 6, 7, 8], "yt": [0.008720953999100889, 0.06109103450272102, 6.825917197312302, 3.984141857288456, 3.390259483229137, 3.114437513990495, 8.23819850248554, 7.47877017908084], "y_obst": [0.8274174689648095, 5.360992898156248, 1.832516975369153, 0.2966226300204162, 4.989031005723399, 8.209780026861651, 1.952042276950971, 3.033632193121792, 7.991433988610113, 0.9460915570489018, 2.3195556401359374, 0.7701760842452762, 8.45456540728962, 6.632206795947219, 4.46101504000168, 2.141256899448964, 5.636513576075815, 4.543618774382038, 2.7776240283828315, 5.59927109394761, 7.065545986345702, 1.8110728871897834], "x_max": 9, "robot_count": 8, "x_min": 0, "xs": [8.54177749137353, 4.074744537306589, 3.9580005284528417, 8.096508201478354, 7.0927309129689275, 1.0813144100181873, 7.213956539537119, 4.215687336268177], "ys": [3.9573951220821826, 8.152886867934258, 6.3165284872113165, 7.366176837355035, 8.063877819658199, 2.1761632187132527, 3.165023018870035, 4.999504158159675], "heading": [0.0, 0.0, 0.0, 0.0, 0.0, 0.0, 0.0, 0.0], "xt": [8.507276042230636, 2.5236914896744125, 1.9194408100916984, 2.799295855972725, 0.9484482464730248, 5.958355682479452, 5.880734824669746, 3.153064567027808]}