{"y_min": 0, "x_obst": [6.398216200174661, 0.41004205891319434, 7.72792813937039, 5.226808251206091, 8.514550314980418, 4.515503722291576, 5.828303091499995, 4.146342897331202, 4.605421225510604, 2.020291037272409, 8.60046612878701, 1.2973940300244144, 0.9981693238831899, 5.397009734144379, 0.3088045288262826, 6.842417927568455, 3.686791298750645, 7.638908974990334, 4.749959791017822, 1.005628195163563, 3.2690000237047863, 6.821078435123084], "lim": 9, "y_max": 9, "ids": [1, 2, 3, 4, 5, 6, 7, 8], "yt": [4.444317412221647, 7.02332547866164, 6.223995768813, 7.491756848835081, 8.58938975768112, 0.7743218547374804, 8.845194914522246, 3.2739399074052327], "y_obst": [6.0303870837789955, 2.4143845331782083, 6.148280296280637, 7.831593925254911, 1.2400190020492041, 2.9374391911596307, 7.307090779153002, 6.299272642129385, 1.4026087117403272, 3.3298805074109765, 6.836707812525627, 8.915222416884987, 2.2662366735193635, 1.2787756732283384, 1.3378358989834043, 7.661389925720319, 2.849002671892183, 3.7297693532560245, 5.0219155830743265, 8.062988796344472, 3.2536364184443483, 0.14332232815796608], "x_max": 9, "robot_count": 8, "x_min": 0, "xs": [7.021595398695482, 4.208767800855335, 5.821257265567299, 5.632631107400154, 5.594844245574745, 2.1021117180664994, 2.9649366809700037, 7.006507110765624], "ys": [8.719026190435864, 0.09929879492241134, 2.2304875475371615, 0.04529910486789557, 3.728394261163543, 8.151490777360198, 1.6882383944962809, 2.4978376414118073], "heading": [0.0, 0.0, 0.0, 0.0, 0.0, 0.0, 0.0, 0.0], "xt": [0.7837719085803865, 0.8771884155191487, 2.4884498151633245, 3.949315142175539, 0.021245632573361983, 2.1015959092647982, 5.957737662674648, 8.779424878813828]}