{
    "n_obsts": 22,
    "y_min": 0,
    "x_obsts": [
        1.1154139382669337,
        2.257934772101333,
        5.631542209616847,
        0.8638866336757007,
        7.575911642107021,
        6.82519882229178,
        0.29828883634274517,
        6.277285201067027,
        8.784092696368607,
        1.2958922785840599,
        3.4834295686333756,
        1.5847915847494374,
        4.724213961843213,
        8.631045529913255,
        2.1860461552409998,
        3.0789300687923706,
        2.9119131929749953,
        6.550773044588453,
        1.4858592360268732,
        1.2998507294434871,
        4.6221949388970796,
        3.9790396880178354
    ],
    "lim": 9,
    "y_max": 9,
    "ids": [
        1,
        2,
        3,
        4,
        5,
        6,
        7,
        8
    ],
    "yt": [
        0.4029291405186537,
        7.7068752194205175,
        1.2624385559336835,
        5.752571927834805,
        8.910243053929273,
        2.1030643879368234,
        0.2537348065170769,
        8.41073170040497
    ],
    "y_obsts": [
        5.330281797379238,
        4.4925379826122835,
        3.8937901343627326,
        1.0793712964875253,
        8.768351988018708,
        1.2729024667823432,
        3.2174663388519753,
        7.4193401201508165,
        1.319321555901038,
        4.086779248457204,
        7.8681603753873635,
        2.183775402321307,
        3.9192877023973436,
        3.91433185925122,
        1.2481614515268111,
        4.8377512611018805,
        8.997830411865955,
        2.8520739004810727,
        3.6180200352163494,
        2.6491951177845774,
        6.825569049534332,
        6.135943348516822
    ],
    "x_max": 9,
    "n_robots": 8,
    "x_min": 0,
    "x_starts": [
        8.553767171513552,
        6.920994345238036,
        0.02172099468681532,
        5.294408050529449,
        8.800861772438692,
        4.568727239299349,
        7.3689547789861525,
        8.55792481642773
    ],
    "ys": [
        2.6582513242912804,
        6.088296323671883,
        5.422218019131329,
        0.762510032111298,
        7.457420624663952,
        5.184788390566268,
        4.527112775764895,
        6.1771461251164
    ],
    "map_ind": 9,
    "heading": [
        0.0,
        0.0,
        0.0,
        0.0,
        0.0,
        0.0,
        0.0,
        0.0
    ],
    "x_targets": [
        3.20345472013672,
        0.9201791991607152,
        4.221496748207111,
        2.5171001581102903,
        0.2202070303340946,
        0.4467935265428541,
        0.224966617511127,
        1.8242839643817217
    ]
}