{"n_obst_orig": 22, "y_min": 0, "x_obst": [6.318359964955761, 2.950610066783888, 5.39079866349723, 8.455534168637255, 6.320635675688725, 6.50099395531823, 2.394175815898687, 6.866107870575496, 8.067853751842156, 3.076520588828404, 7.108630644620024, 4.2536472887333305, 4.334455375257359, 7.841381029682046, 8.385826114227024, 4.212153431443504, 2.374494073316079, 1.158785036912961, 6.803396122242634, 2.478340268411706, 4.667947615890192, 1.1672042760051675], "lim": 9, "y_max": 9, "ids": [1, 2, 3, 4, 5, 6, 7, 8], "yt": [8.84731914536939, 1.8062577792324719, 4.295071333114686, 8.896751276846107, 7.004967609704763, 0.5284404655622604, 4.713133695148617, 1.1947532827424272], "y_obst": [6.346404963178558, 3.6392055439561126, 2.385671297826386, 4.510403957097022, 5.711982353196834, 0.27197486824914496, 1.3731167145417045, 3.026316117586468, 7.816451438446421, 0.39354661511233413, 5.943502694327665, 4.897670937307386, 2.3543837621165444, 3.6590176107397516, 2.9310081245840673, 0.30216348362763445, 5.842340978042073, 5.274209183531621, 1.8506382665676768, 6.860935416853599, 7.518975692338355, 0.43839967985024164], "x_max": 9, "n_robots": 8, "x_min": 0, "xs": [4.952951026459878, 3.3297766532957938, 0.25904681104380534, 1.2367622604317514, 0.48533475147592176, 3.556772049294275, 7.117239933208906, 6.192703871401063], "ys": [3.449973240399302, 7.923545475863783, 6.519379601052827, 1.8076054701610427, 7.606182179743434, 6.93676899834713, 4.448337595790935, 7.846446903471182], "map_ind": 3, "heading": [0.0, 0.0, 0.0, 0.0, 0.0, 0.0, 0.0, 0.0], "xt": [2.5462540686572535, 8.111301150051778, 5.628947534642488, 6.596351997816049, 7.204737727983165, 7.498886937549149, 0.08669780345084388, 5.6913437569191005]}