{"obst_count_orig": 22, "y_min": 0, "x_obst": [0.0909425126008736, 8.238593977797343, 4.00753569746358, 8.895435963399683, 8.005513914828938, 7.014960384413869, 1.83338037489686, 7.514011242391528, 3.5174803114089, 6.237160307154308, 5.729806623902167, 3.143222059208585, 6.569364832673877, 5.3684908579377755, 4.678727972969499, 5.961839441478013, 6.682842505672318, 5.959046450583921, 5.250217157687543, 3.258649802574575, 1.5087599917335006, 3.991738725332891], "lim": 9, "y_max": 9, "ids": [1, 2, 3, 4, 5, 6, 7, 8], "yt": [7.84964136041029, 6.619432160424006, 1.8031343133887083, 1.5736733402688052, 7.629619648296796, 0.4294545765955792, 0.568870012034659, 7.6330013629093925], "y_obst": [3.60035253767252, 8.5246844233916, 8.784693438057804, 2.8076885250821597, 3.9966440887306907, 8.038071122938137, 5.720680927945749, 5.148410414915151, 6.665894931305726, 4.720859321711264, 5.367192821366401, 1.6435967764596624, 7.630570186292577, 5.96140749377477, 6.322191642687285, 7.270339241417221, 4.112875771745166, 8.525817844247564, 0.7283472142878304, 5.742557949570656, 7.410305967381839, 5.9020671701653615], "x_max": 9, "robot_count": 8, "x_min": 0, "xs": [0.08705826159423746, 1.778278292284667, 0.005952970308085503, 1.483391129741917, 4.092090589352158, 8.284639681740309, 4.592324614047261, 0.9643310727090112], "ys": [0.4652979410853849, 8.718642686946072, 5.062720358683573, 3.3249501629563065, 0.7280702713329696, 7.476646326199882, 4.245240971511305, 1.502899621140422], "map_ind": 8, "heading": [0.0, 0.0, 0.0, 0.0, 0.0, 0.0, 0.0, 0.0], "xt": [0.4535671051048742, 7.18088388742607, 7.175051418002342, 8.410612074661454, 2.58439582596101, 2.8156136870457282, 8.044810310274599, 4.197650375204527]}