{
    "n_obsts": 22,
    "y_min": 0,
    "x_obsts": [
        0.03342858011756855,
        8.42469065038183,
        5.182309840121308,
        3.5431521752402295,
        8.687005171239445,
        7.961641760782072,
        0.6438405221757789,
        6.864264320566041,
        0.01012656684218638,
        6.248856373126896,
        2.2766200408182415,
        8.340392280441002,
        0.3959405316384732,
        6.234430509386027,
        6.428360142994672,
        6.700533551795618,
        2.958872432443815,
        7.640019751150993,
        3.8409462820808256,
        1.8813297531930568,
        8.742088161651377,
        3.121444438950161
    ],
    "lim": 9,
    "y_max": 9,
    "ids": [
        1,
        2,
        3,
        4,
        5,
        6,
        7,
        8
    ],
    "yt": [
        2.998921067809544,
        3.7690841241594026,
        1.7550886250888134,
        1.4734684478692788,
        8.48257648831287,
        4.995973458896415,
        6.951999291177998,
        0.8214969453099772
    ],
    "y_obsts": [
        2.1206520336353023,
        6.081928739706628,
        2.492163358382344,
        7.013885514544049,
        0.3992095723433773,
        3.8316018020140796,
        6.96644105304151,
        2.5610608039696614,
        8.154984657655348,
        8.252204908911054,
        6.907906329750277,
        8.103332143788174,
        0.2800098527355902,
        5.1812311221772065,
        3.6468012840198605,
        5.9517421666039025,
        5.678814603554452,
        5.8240542145763055,
        8.651544243257336,
        3.399527213374121,
        3.9895244882186187,
        8.26392919330568
    ],
    "x_max": 9,
    "n_robots": 8,
    "x_min": 0,
    "x_starts": [
        8.848851198453744,
        7.551056023919913,
        5.16644540012581,
        1.6109404557189677,
        2.553035132099593,
        3.3016299471337565,
        0.3471696583971142,
        0.8430310041956839
    ],
    "ys": [
        1.799609010776412,
        8.74457322685577,
        6.826441637861421,
        8.797031340233756,
        1.545179172728087,
        4.114957027913192,
        4.76118103953138,
        5.632469134442122
    ],
    "map_ind": 10,
    "heading": [
        0.0,
        0.0,
        0.0,
        0.0,
        0.0,
        0.0,
        0.0,
        0.0
    ],
    "x_targets": [
        3.250692850966424,
        5.211669652111306,
        1.3716784559171087,
        6.239641221056773,
        5.185922624274542,
        8.64008665397484,
        6.559381927718945,
        4.711733237213779
    ]
}