{"y_min": 0, "x_obst": [2.984162347772178, 5.539382885064519, 5.266509745983004, 5.0475008740144505, 6.440325266131764, 6.429729969694277, 1.1075815005207414, 6.843794555147278, 8.609794521171265, 7.950280427720318, 7.99591214692478, 3.1584342629029556, 3.4232807074127938, 7.655052339871778, 1.0654891333847294, 4.213853220422251, 8.06140015873379, 6.923965635109841, 5.988469894723449, 3.425933854752497, 5.294177555566455, 2.4921183475710467], "lim": 9, "y_max": 9, "ids": [1, 2, 3, 4, 5, 6, 7, 8], "yt": [4.726335773190848, 0.3219934676704759, 2.131581003469347, 4.090695587246813, 5.834023873527006, 3.1598252129353646, 7.1613751070816045, 8.980537281675124], "y_obst": [8.185988464841602, 6.454678544986754, 3.697879070412697, 2.3644856544981785, 7.115242043302017, 3.0307115254369217, 8.936198384754023, 0.5082555601530223, 1.6080845511660173, 5.924141741909856, 8.659384932858718, 4.748397601226142, 1.5102274573607746, 0.5457796594381676, 2.4393470998670095, 7.256584915171825, 7.121327271978839, 1.7638556952485493, 5.0995264640448115, 0.6552820463569542, 5.063709648857195, 5.18330773367125], "x_max": 9, "robot_count": 8, "x_min": 0, "xs": [4.121010342159553, 8.349428921381573, 3.9190919533285093, 1.7747350073722816, 2.4386441298778383, 6.177676896269117, 4.50006169663492, 2.0545341013631444], "ys": [4.220071423915645, 4.189262306122815, 2.864890834577019, 6.634940068427336, 3.1772371467661573, 8.994985072970062, 1.1352222816566138, 7.733660197535264], "heading": [0.0, 0.0, 0.0, 0.0, 0.0, 0.0, 0.0, 0.0], "xt": [1.1005591023439094, 0.11191492875811937, 0.10806315440296232, 6.912898962592131, 4.1067212883479325, 7.7215560630504365, 3.004283096384897, 4.726892106052527]}