{"y_min": 0, "x_obst": [6.100258009308559, 1.46591560552069, 8.186498698173601, 7.100933043413162, 1.06415151202524, 5.800484020237951, 8.32835301292098, 5.444292553789865, 4.06188740968761, 2.2718907629673537, 2.788630347106751, 2.0706206704149537, 3.895674093461927, 2.777639037841257, 1.5722298845126446, 2.388563285587896, 7.284775106286529, 0.10587869980533027, 5.509072775232864, 1.360962057016747, 2.4114549493834336, 5.944236995549087], "lim": 9, "y_max": 9, "ids": [1, 2, 3, 4, 5, 6, 7, 8], "yt": [5.326047503812873, 7.857043202367757, 2.1184912553513615, 6.144043528731159, 2.466039197187499, 3.0969115514569885, 7.530003307199113, 8.942482605455883], "y_obst": [3.9770975376479085, 0.9694741614440686, 2.4112782964637574, 3.890474958570521, 5.326098368308178, 1.0708562509354773, 7.206246144341418, 0.5595179141974258, 0.7506407156915815, 1.6299142430152185, 0.2885996365723422, 8.485118717774423, 7.280761436976021, 8.110079763223924, 3.9323009543324847, 7.700841345824234, 8.647016623881402, 0.9607662300110182, 5.557368236237895, 2.5285121681424494, 5.931187345267145, 6.363983165437945], "x_max": 9, "robot_count": 8, "x_min": 0, "xs": [5.0052792687353165, 2.980033361956123, 8.406083452261676, 3.55610271177129, 7.334508712660218, 0.5343136572788579, 7.093669263400134, 8.317659142906484], "ys": [3.600479572521931, 3.9184885556715727, 4.65843525270735, 4.8332639317920005, 0.08089945483348848, 8.494781431560051, 1.2807395611853654, 8.551726013862586], "heading": [0.0, 0.0, 0.0, 0.0, 0.0, 0.0, 0.0, 0.0], "xt": [7.361436847976268, 5.580486468921801, 4.480338108829496, 8.22574561803599, 6.9035352985238365, 3.9498481201513393, 6.937509701992679, 5.894348682583943]}