{"0": [142.136, 182.224, 40.087999999999994], "1": [142.553, 188.205, 45.652000000000015], "2": [143.008, 197.307, 54.29899999999998], "3": [143.426, 181.208, 37.78200000000001]}